,Bevolkingskernen,Provincie_4
0,Aadorp,Overijssel
1,Aagtekerke,Zeeland
2,Aalden,Drenthe
3,Aalsmeer,Noord-Holland
4,Aalst (Gld.),Gelderland
5,Aalst (NB.),Noord-Brabant
6,Aalten,Gelderland
7,Aardenburg,Zeeland
8,Aarlanderveen,Zuid-Holland
9,Aarle-Rixtel,Noord-Brabant
10,Abbega (Abbegea),Fryslân
11,Abbekerk,Noord-Holland
12,Abbenbroek,Zuid-Holland
13,Abbenes,Noord-Holland
14,Abcoude,Utrecht
15,Achlum,Fryslân
16,Achterberg,Utrecht
17,Achterdrempt,Gelderland
18,Achterveld,Utrecht
19,Achthuizen,Zuid-Holland
20,Achtmaal,Noord-Brabant
21,Acquoy,Gelderland
22,Adorp,Groningen
23,Aduard,Groningen
24,Aerdt,Gelderland
25,Aartswoud-Noord,Noord-Holland
26,Afferden (Gld.),Gelderland
27,Afferden (L.),Limburg
28,Agodorp-Burgemeester Beinsdorp,Groningen
29,Akersloot,Noord-Holland
30,Akkrum,Fryslân
31,Albergen,Overijssel
32,Alblasserdam,Zuid-Holland
33,Aldeboarn,Fryslân
34,Alem,Gelderland
35,Almelo,Overijssel
36,Almen,Gelderland
37,Almere-Haven,Flevoland
38,Almere-Hout,Flevoland
39,Almere-Stad/Almere-Buiten,Flevoland
40,Almere-Schapenbos,Flevoland
41,Almkerk,Noord-Brabant
42,Alphen (Gld.),Gelderland
43,Alphen (NB.),Noord-Brabant
44,Alphen aan den Rijn,Zuid-Holland
45,Alphen aan den Rijn-Oost,Zuid-Holland
46,Altena,Drenthe
47,Alteveer (D.),Drenthe
48,Alteveer (Gr.),Groningen
49,Altforst,Gelderland
50,Altweerterheide,Limburg
51,Alverna,Gelderland
52,Ameide,Zuid-Holland
53,America,Limburg
54,Amerongen,Utrecht
55,Amersfoort,Utrecht
56,Ammerstol,Zuid-Holland
57,Ammerzoden,Gelderland
58,Andel,Noord-Brabant
59,Andelst/Herveld-Noord,Gelderland
60,Andijk,Noord-Holland
61,Angeren,Gelderland
62,Angerlo/Beinum,Gelderland
63,Anjum (Eanjum),Fryslân
64,Ankeveen,Noord-Holland
65,Anloo,Drenthe
66,Anna Jacobapolder,Zeeland
67,Anna-Paulowna,Noord-Holland
68,Annen,Drenthe
69,Apeldoorn,Gelderland
70,Appelscha,Fryslân
71,Appeltern,Gelderland
72,Appingedam,Groningen
73,Arcen,Limburg
74,Arensgenhout,Limburg
75,Arkel,Zuid-Holland
76,Arnemuiden,Zeeland
77,Arnhem-Zuid,Gelderland
78,Arum,Fryslân
79,Asch,Gelderland
80,Asenray,Limburg
81,Asperen,Gelderland
82,Assen,Drenthe
83,Assendelft-Kern,Noord-Holland
84,Assendelft-Mariahoeve,Noord-Holland
85,Assendelft-Zuideinde,Noord-Holland
86,Asten,Noord-Brabant
87,Augustinusga (Stynsgea),Fryslân
88,Austerlitz,Utrecht
89,Avenhorn/De Goorn,Noord-Holland
90,Axel,Zeeland
91,Aijen,Limburg
92,Azewijn,Gelderland
93,Baak,Gelderland
94,Baambrugge,Utrecht
95,Baard,Fryslân
96,Baarland,Zeeland
97,Baarle-Nassau/Baarle-Hertog,Noord-Brabant
98,Baarlo (L.),Limburg
99,Baarn,Utrecht
100,Babberich-Kern,Gelderland
101,Babberich-Oost,Gelderland
102,Baexem,Limburg
103,Baflo,Groningen
104,Bakel,Noord-Brabant
105,Bakhuizen (Bakhuzen),Fryslân
106,Bakkeveen (Bakkefean),Fryslân
107,Balgoy,Gelderland
108,Balk,Fryslân
109,Balkbrug,Overijssel
110,Ballum,Fryslân
111,Baneheide,Limburg
112,Banholt,Limburg
113,Bant,Flevoland
114,Bantega,Fryslân
115,Barchem,Gelderland
116,Barendrecht,Zuid-Holland
117,Barger-Compascuum,Drenthe
118,Barneveld,Gelderland
119,Barsingerhorn,Noord-Holland
120,Batenburg,Gelderland
121,Bath,Zeeland
122,Bathmen,Overijssel
123,Beckum,Overijssel
124,Bedum,Groningen
125,Beegden,Limburg
126,Beek (Gld.),Gelderland
127,Beek (Gld.),Gelderland
128,Beek en Donk,Noord-Brabant
129,Beekbergen,Gelderland
130,Beekbergen-Hulsthorstweg,Gelderland
131,Beers,Noord-Brabant
132,Beerta,Groningen
133,Beerzerveld,Overijssel
134,Beesd,Gelderland
135,Beesel,Limburg
136,Beetgum (Bitgum),Fryslân
137,Beetgumermolen (Bitgummole),Fryslân
138,Beets (NH.),Noord-Holland
139,Beetsterzwaag (Beetstersweach),Fryslân
140,Beilen,Drenthe
141,Bekkenkamp,Gelderland
142,Belfeld,Limburg
143,Bellingwolde-Heemhof,Groningen
144,Bellingwolde-Kern,Groningen
145,Bellingwolde-Noord,Groningen
146,Beltrum,Gelderland
147,Bemelen,Limburg
148,Bemmel,Gelderland
149,Beneden-Leeuwen,Gelderland
150,Benedenvaart,Overijssel
151,Bennebroek,Noord-Holland
152,Bennekom,Gelderland
153,Benschop,Utrecht
154,Bentelo,Overijssel
155,Benthuizen,Zuid-Holland
156,Berg (L.),Limburg
157,Berg (L.),Limburg
158,Berg en Dal (Gld.),Gelderland
159,Bergambacht,Zuid-Holland
160,Bergen (L.),Limburg
161,Bergen (NH.),Noord-Holland
162,Bergen (NH.)-Buerweg,Noord-Holland
163,Bergen aan Zee,Noord-Holland
164,Bergen aan Zee-Russenduin,Noord-Holland
165,Bergen op Zoom,Noord-Brabant
166,Bergen-Siebengewaldseweg (L.),Limburg
167,Bergentheim,Overijssel
168,Bergeijk/Loo,Noord-Brabant
169,Bergharen,Gelderland
170,Berghem (NB.),Noord-Brabant
171,Bergum (Burgum),Fryslân
172,Beringe,Limburg
173,Berkel/Rodenrijs/Bergschenhoek,Zuid-Holland
174,Berkel-Enschot,Noord-Brabant
175,Berkenwoude-Oost,Zuid-Holland
176,Berkenwoude-West,Zuid-Holland
177,Berkhout,Noord-Holland
178,Berlicum,Noord-Brabant
179,Berlikum (Berltsum),Fryslân
180,Best,Noord-Brabant
181,Bestmen,Overijssel
182,Beugen,Noord-Brabant
183,Beukbergen,Utrecht
184,Beuningen (Gld.),Gelderland
185,Beuningen (O.),Overijssel
186,Beusichem,Gelderland
187,Biddinghuizen,Flevoland
188,Bierum,Groningen
189,Biervliet,Zeeland
190,Biezenmortel,Noord-Brabant
191,Biggekerke,Zeeland
192,Bikbergen,Noord-Holland
193,Bilthoven/De Bilt,Utrecht
194,Bingelrade,Limburg
195,Birdaard (Burdaard),Fryslân
196,Blaaksedijk,Zuid-Holland
197,Bladel,Noord-Brabant
198,Blauhuis (Blauhûs),Fryslân
199,Bleiswijk,Zuid-Holland
200,Bleskensgraaf,Zuid-Holland
201,Blitterswijck,Limburg
202,Blokzijl,Overijssel
203,Bocholtz,Limburg
204,Bocholtzerheide,Limburg
205,Bodegraven,Zuid-Holland
206,Boekel (NB.),Noord-Brabant
207,Boekelo,Overijssel
208,Boekelo-West,Overijssel
209,Boekend (L.),Limburg
210,Boelenslaan (Boelensloane),Fryslân
211,Boerakker,Groningen
212,Boerdonk,Noord-Brabant
213,Boerhaar,Overijssel
214,Boijl,Fryslân
215,Bokhoven,Noord-Brabant
216,Boksum,Fryslân
217,Bolsward (Boalsert),Fryslân
218,Bontebok,Fryslân
219,Bontebrug,Gelderland
220,Boornbergum (Boarnburgum),Fryslân
221,Borculo,Gelderland
222,Borger,Drenthe
223,Borgharen,Limburg
224,Borkel,Noord-Brabant
225,Born/Buchten/Holtum,Limburg
226,Borne (O.),Overijssel
227,Bornerbroek,Overijssel
228,Borssele,Zeeland
229,Boschhoven (NB.),Noord-Brabant
230,Boskamp,Overijssel
231,Boskant (NB.),Noord-Brabant
232,Boskoop-Kern,Zuid-Holland
233,Boskoop-Vereenigde polder,Zuid-Holland
234,Bosschenhoofd,Noord-Brabant
235,Boukoul,Limburg
236,Bourtange,Groningen
237,Boven-Hardinxveld,Zuid-Holland
238,Bovenkarspel/Grootebroek/Lutjebroek,Noord-Holland
239,Boven-Leeuwen,Gelderland
240,Bovensmilde,Drenthe
241,Boxmeer/Sambeek,Noord-Brabant
242,Boxtel,Noord-Brabant
243,Bozum (Boazum),Fryslân
244,Braamt,Gelderland
245,Brakel (Gld.),Gelderland
246,Brantgum,Fryslân
247,Breda,Noord-Brabant
248,Bredevoort,Gelderland
249,Breedenbroek,Gelderland
250,Breedeweg,Gelderland
251,Breezand,Noord-Holland
252,Breskens,Zeeland
253,Breskens-Noord-Oost,Zeeland
254,Breugel,Noord-Brabant
255,Breukelen,Utrecht
256,Breukelen-West,Utrecht
257,Brielle,Zuid-Holland
258,Britsum,Fryslân
259,Broek in Waterland,Noord-Holland
260,Broekhuizen (L.),Limburg
261,Broekhuizenvorst,Limburg
262,Broekland (O.),Overijssel
263,Broeksterwoude (Broeksterwâld),Fryslân
264,Bronkhorst,Gelderland
265,Brouwershaven,Zeeland
266,Bruchem,Gelderland
267,Bruchterveld,Overijssel
268,Bruinehaar,Overijssel
269,Bruinisse,Zeeland
270,Brummen,Gelderland
271,Budel,Noord-Brabant
272,Budel-Dorplein,Noord-Brabant
273,Budel-Schoot-Noord,Noord-Brabant
274,Budel-Schoot-Zuid,Noord-Brabant
275,Buggenum,Limburg
276,Buinen,Drenthe
277,Buitenkaag,Noord-Holland
278,Buitenpost (Bûtenpost),Fryslân
279,Buitenvaart,Drenthe
280,Bunde-Noord,Limburg
281,Bunnik,Utrecht
282,Bunschoten/Spakenburg,Utrecht
283,Buren (Bueren) (F.),Fryslân
284,Buren-Noord (Gld.),Gelderland
285,Buren-Zuid (Gld.),Gelderland
286,Burgerbrug,Noord-Holland
287,Burgerveen,Noord-Holland
288,Burgwerd (Burchwert),Fryslân
289,Burum,Fryslân
290,Bussloo,Gelderland
291,Buurmalsen,Gelderland
292,Buurse,Overijssel
293,Blije (Blija),Fryslân
294,Blankenham,Overijssel
295,Blijham,Groningen
296,Bosschenhoofd-Pagnevaart,Noord-Brabant
297,Cabauw,Utrecht
298,Cadier en Keer,Limburg
299,Cadzand,Zeeland
300,Cadzand-Bad,Zeeland
301,Calfven,Noord-Brabant
302,Callantsoog,Noord-Holland
303,Camperduin,Noord-Holland
304,Castenray,Limburg
305,Casteren,Noord-Brabant
306,Castricum,Noord-Holland
307,Catrijp,Noord-Holland
308,Chaam,Noord-Brabant
309,Clinge,Zeeland
310,Coevorden,Drenthe
311,Coevorden-Klinkenvier,Drenthe
312,Colijnsplaat,Zeeland
313,Cornjum,Fryslân
314,Cothen,Utrecht
315,Creil,Flevoland
316,Cromvoirt,Noord-Brabant
317,Culemborg,Gelderland
318,Cuijk,Noord-Brabant
319,Daarle,Overijssel
320,Daarlerveen,Overijssel
321,Dalen (D.),Drenthe
322,Dalerpeel,Drenthe
323,Dalfsen,Overijssel
324,Damwoude (Damwâld),Fryslân
325,Damwoude (Damwâld)-Oost,Fryslân
326,Darp,Drenthe
327,De Anloup,Noord-Holland
328,Belt-Schutsloot,Overijssel
329,De Blauwe Stad,Groningen
330,De Blesse,Fryslân
331,De Brabander,Zeeland
332,De Cocksdorp,Noord-Holland
333,De Donckse Velden,Zuid-Holland
334,De Engel-Noord,Zuid-Holland
335,De Engel-Zuid,Zuid-Holland
336,De Glind,Gelderland
337,De Groeve,Drenthe
338,De Haere,Gelderland
339,De Heeg,Limburg
340,De Heen,Noord-Brabant
341,De Heurne,Gelderland
342,De Hoef (U.),Utrecht
343,De Horst (Gld.),Gelderland
344,De Jister,Fryslân
345,De Knipe,Fryslân
346,De Koog (Texel),Noord-Holland
347,De Krim (O.),Overijssel
348,De Kwakel,Noord-Holland
349,De Lier,Zuid-Holland
350,De Lutte,Overijssel
351,De Mortel,Noord-Brabant
352,De Noord,Noord-Holland
353,De Rips,Noord-Brabant
354,De Santbrincke,Drenthe
355,De Steeg,Gelderland
356,De Vossenberg,Gelderland
357,De Waal,Noord-Holland
358,De Weere,Noord-Holland
359,De Weere-Noord,Noord-Holland
360,De Wilgen (De Wylgen),Fryslân
361,De Wilp,Groningen
362,De Wijk,Drenthe
363,De Zilk,Zuid-Holland
364,Dedemsvaart,Overijssel
365,Deest,Gelderland
366,Deil,Gelderland
367,Deinum,Fryslân
368,Delden (O.),Overijssel
369,Delfzijl,Groningen
370,Delwijnen,Gelderland
371,Den Andel,Groningen
372,Den Bommel,Zuid-Holland
373,Den Burg,Noord-Holland
374,Den Dolder,Utrecht
375,Den Dungen,Noord-Brabant
376,Den Ham (O.),Overijssel
377,Den Helder,Noord-Holland
378,Den Hoorn (NH.),Noord-Holland
379,Den Hout (NB.),Noord-Brabant
380,Den Ilp,Noord-Holland
381,Den Nul,Overijssel
382,Den Oever,Noord-Holland
383,Denekamp,Overijssel
384,Deurne,Noord-Brabant
385,Deurningen,Overijssel
386,Deursen-Dennenburg,Noord-Brabant
387,Deventer,Overijssel
388,Didam,Gelderland
389,Diepenheim,Overijssel
390,Diepenveen,Overijssel
391,Dieren,Gelderland
392,Diessen,Noord-Brabant
393,Diever,Drenthe
394,Dinteloord,Noord-Brabant
395,Dinxperlo,Gelderland
396,Dinxterveen,Overijssel
397,Dirkshorn,Noord-Holland
398,Dirksland,Zuid-Holland
399,Dishoek,Zeeland
400,Distelberg,Noord-Brabant
401,Dodewaard,Gelderland
402,Doenrade,Limburg
403,Doesburg,Gelderland
404,Doetinchem,Gelderland
405,Doezum,Groningen
406,Dokkum,Fryslân
407,Domburg,Zeeland
408,Dommelen,Noord-Brabant
409,Doncksebos,Groningen
410,Donderen,Drenthe
411,Dongen,Noord-Brabant
412,Dongjum (Doanjum),Fryslân
413,Donkerbroek,Fryslân
414,Doorn,Utrecht
415,Doornenburg,Gelderland
416,Doornspijk,Gelderland
417,Doorn-West,Utrecht
418,Doorwerth,Gelderland
419,Dorst,Noord-Brabant
420,Drachten,Fryslân
421,Drachtstercompagnie,Fryslân
422,Dreischor,Zeeland
423,Drempt,Gelderland
424,Dreumel,Gelderland
425,Driebergen-Boswijk,Utrecht
426,Driebergen-Rijsenburg,Utrecht
427,Drieborg,Groningen
428,Driebruggen,Zuid-Holland
429,Driel,Gelderland
430,Driemond,Noord-Holland
431,Driesum (Driezum),Fryslân
432,Driewegen (Z.),Zeeland
433,Driewegen (Z.),Zeeland
434,Drimmelen,Noord-Brabant
435,Drogeham (Droegeham),Fryslân
436,Drongelen,Noord-Brabant
437,Dronrijp (Dronryp),Fryslân
438,Dronten,Flevoland
439,Drouwen,Drenthe
440,Drunen,Noord-Brabant
441,Druten,Gelderland
442,Duiven,Gelderland
443,Duizel,Noord-Brabant
444,Dussen,Noord-Brabant
445,Dwingeloo,Drenthe
446,Dijkerhoek,Overijssel
447,Echt/Schilberg,Limburg
448,Echteld,Gelderland
449,Echten (D.),Drenthe
450,Echtenerbrug,Fryslân
451,Eck en Wiel,Gelderland
452,Eckelrade,Limburg
453,Edam/Volendam,Noord-Holland
454,Ede,Gelderland
455,Ederveen,Gelderland
456,Ee (Ie),Fryslân
457,Eede,Zeeland
458,Eefde,Gelderland
459,Eelde/Paterswolde,Drenthe
460,Eemdijk,Utrecht
461,Eemnes,Utrecht
462,Een,Drenthe
463,Eeneind,Noord-Brabant
464,Eenrum,Groningen
465,Eerbeek,Gelderland
466,Eerde (NB.),Noord-Brabant
467,Eernewoude (Earnewâld),Fryslân
468,Eersel,Noord-Brabant
469,Ees,Drenthe
470,Eesveen,Overijssel
471,Eethen,Noord-Brabant
472,Eext,Drenthe
473,Eexterveen,Drenthe
474,Effen,Noord-Brabant
475,Egchel,Limburg
476,Egmond aan den Hoef,Noord-Holland
477,Egmond aan Zee,Noord-Holland
478,Egmond-Binnen,Noord-Holland
479,Eibergen,Gelderland
480,Eind (L.),Limburg
481,Einighausen-Noord,Limburg
482,Einighausen-Zuid,Limburg
483,Ekehaar,Drenthe
484,Elahuizen (Ealahuzen),Fryslân
485,Elburg,Gelderland
486,Elim,Drenthe
487,Ell,Limburg
488,Ellecom,Gelderland
489,Ellemeet,Zeeland
490,Ellewoutsdijk,Zeeland
491,Elp,Drenthe
492,Elsendorp,Noord-Brabant
493,Elshout,Noord-Brabant
494,Elsloo (F.),Fryslân
495,Elspeet,Gelderland
496,Elst (Gld.),Gelderland
497,Elst (U.),Utrecht
498,Emmeloord,Flevoland
499,Emmeloord-Emmelhage,Flevoland
500,Emmen (D.),Drenthe
501,Emmen-Zuid (D.),Drenthe
502,Emmer-Compascuum,Drenthe
503,Emmer-Erfscheidenveen,Drenthe
504,Empe,Gelderland
505,Emst,Gelderland
506,Engelbert,Groningen
507,Engelen,Noord-Brabant
508,Engelum (Ingelum),Fryslân
509,Engwierum (Ingwierrum),Fryslân
510,Enkhuizen,Noord-Holland
511,Ens,Flevoland
512,Enschede,Overijssel
513,Enspijk,Gelderland
514,Enter,Overijssel
515,Epe-De Epenhorst,Gelderland
516,Epe-Kern,Gelderland
517,Epen,Limburg
518,Epse,Gelderland
519,Erica,Drenthe
520,Erichem,Gelderland
521,Ermelo-Horst,Gelderland
522,Ermelo-Kern,Gelderland
523,Ern,Drenthe
524,Erp,Noord-Brabant
525,Esbeek,Noord-Brabant
526,Esch,Noord-Brabant
527,Escharen,Noord-Brabant
528,Espel,Flevoland
529,Est,Gelderland
530,Etsberg,Limburg
531,Etten (Gld.),Gelderland
532,Etten-Leur,Noord-Brabant
533,Everdingen,Utrecht
534,Everse en Koevering,Noord-Brabant
535,Ewijk,Gelderland
536,Exel,Gelderland
537,Exloo,Drenthe
538,Exmorra (Eksmoarre),Fryslân
539,Eys/Overeys,Limburg
540,Eijsden,Limburg
541,Ezinge,Groningen
542,Feerwerd,Groningen
543,Ferwerd (Ferwert),Fryslân
544,Finsterwolde/Hardenberg,Groningen
545,Fleringen,Overijssel
546,Flevopoort,Flevoland
547,Fluitenberg,Drenthe
548,Fochteloo,Fryslân
549,Folsgare (Folsgeare),Fryslân
550,Fort,Drenthe
551,Franeker (Frjentsjer),Fryslân
552,Franeker-Zuid,Fryslân
553,Frieschepalen (Fryske Peallen),Fryslân
554,Froombosch,Groningen
555,Fijnaart,Noord-Brabant
556,Gaanderen/Terborg/Silvolde,Gelderland
557,Gaast (F.),Fryslân
558,Gaastmeer (De Gaastmar),Fryslân
559,Galder,Noord-Brabant
560,Gameren,Gelderland
561,Ganzedijk,Groningen
562,Gapinge,Zeeland
563,Garderen,Gelderland
564,Garmerwolde,Groningen
565,Garnwerd,Groningen
566,Garrelsweer,Groningen
567,Garsthuizen,Groningen
568,Garijp (Garyp),Fryslân
569,Gassel,Noord-Brabant
570,Gasselte,Drenthe
571,Gasselternijveen,Drenthe
572,Gastel,Noord-Brabant
573,Gasteren,Drenthe
574,Gauw (Gau),Fryslân
575,Geersdijk,Zeeland
576,Geertruidenberg/Raamsdonksveer,Noord-Brabant
577,Geervliet,Zuid-Holland
578,Gees,Drenthe
579,Geesbrug,Drenthe
580,Geesteren (Gld.),Gelderland
581,Geesteren (O.),Overijssel
582,Geffen,Noord-Brabant
583,Geldermalsen,Gelderland
584,Gellicum,Gelderland
585,Gelselaar,Gelderland
586,Gemert,Noord-Brabant
587,Gemonde,Noord-Brabant
588,Genderen,Noord-Brabant
589,Gendt,Gelderland
590,Genemuiden,Overijssel
591,Gennep (L.),Limburg
592,Gerkesklooster (Gerkeskleaster),Fryslân
593,Gerwen,Noord-Brabant
594,Geulle,Limburg
595,Geverik,Limburg
596,Geysteren,Limburg
597,Giekerk (Gytsjerk),Fryslân
598,Giesbeek,Gelderland
599,Giessen/Rijswijk (NB.),Noord-Brabant
600,Giessenburg,Zuid-Holland
601,Giessendam/Neder-Hardinxveld,Zuid-Holland
602,Gieten,Drenthe
603,Gieterveen,Drenthe
604,Giethoorn-Kern,Overijssel
605,Giethoorn-Zuideinde-Oost,Overijssel
606,Giethoorn-Zuideinde-West,Overijssel
607,Gijbeland/Molenaarsgraaf,Zuid-Holland
608,Gilze,Noord-Brabant
609,Ginderover,Noord-Brabant
610,Glimmen,Groningen
611,Godlinze,Groningen
612,Goedereede-Havenhoofd,Zuid-Holland
613,Goedereede-Kern,Zuid-Holland
614,Goes/Kloetinge,Zeeland
615,Goingarijp (Goaiingaryp),Fryslân
616,Goor,Overijssel
617,Gorinchem,Zuid-Holland
618,Gorredijk (De Gordyk),Fryslân
619,Gorssel-Kern,Gelderland
620,Gorssel-Oost,Gelderland
621,Gouda,Zuid-Holland
622,Gouderak,Zuid-Holland
623,Goudriaan,Zuid-Holland
624,Goudswaard,Zuid-Holland
625,'t Goy,Utrecht
626,Graauw,Zeeland
627,Graetheide,Limburg
628,Grafhorst,Overijssel
629,Graft/De Rijp,Noord-Holland
630,Gramsbergen,Overijssel
631,Grashoek,Limburg
632,Grathem,Limburg
633,Grave,Noord-Brabant
634,'s-Gravendeel,Zuid-Holland
635,'s Gravenduin,Zuid-Holland
636,'s-Gravenhage-Blommendael,Zuid-Holland
637,'s-Gravenhage-Ockenrode,Zuid-Holland
638,'s Gravenmoer,Noord-Brabant
639,'s-Gravenpolder,Zeeland
640,'s-Gravenzande,Zuid-Holland
641,Grevenbicht/Papenhoven,Limburg
642,Griendtsveen-Oost,Limburg
643,Griendtsveen-West,Limburg
644,Griete,Zeeland
645,Groede,Zeeland
646,Groenekan,Utrecht
647,Groenlo,Gelderland
648,Groenlo Zuid-Oost,Gelderland
649,Groesbeek,Gelderland
650,Groessen,Gelderland
651,Groet,Noord-Holland
652,Grolloo,Drenthe
653,Gronsveld,Limburg
654,Groot - Alkmaar,Noord-Holland
655,Groot - Amsterdam,Noord-Holland
656,Groot - Arnhem,Gelderland
657,Groot - Bussum,Noord-Holland
658,Groot - Dordrecht,Zuid-Holland
659,Groot - Eindhoven,Noord-Brabant
660,Groot - Geleen,Limburg
661,Groot - Groningen,Groningen
662,Groot - Haarlem,Noord-Holland
663,Groot - Heerlen,Limburg
664,Groot - Leiden,Zuid-Holland
665,Groot - Nijmegen,Gelderland
666,Groot - Rotterdam,Zuid-Holland
667,Groot - 's-Gravenhage,Zuid-Holland
668,Groot - 's Gravenhage-De Seizoenen,Zuid-Holland
669,Groot - 's Gravenhage-Vroondaal,Zuid-Holland
670,Groot - 's-Hertogenbosch,Noord-Brabant
671,Groot - Utrecht,Utrecht
672,Groot Genhout,Limburg
673,Groot-Ammers,Zuid-Holland
674,Grootegast,Groningen
675,Grootschermer,Noord-Holland
676,Grou,Fryslân
677,Grubbenvorst,Limburg
678,Gulpen,Limburg
679,Guttecoven,Limburg
680,Grijpskerk,Groningen
681,Grijpskerke,Zeeland
682,Grijzegrubben,Limburg
683,Haaften,Gelderland
684,Haaksbergen,Overijssel
685,Haalderen,Gelderland
686,Haamstede/Burgh,Zeeland
687,Haamstede-Noord,Zeeland
688,Haaren-Kern,Noord-Brabant
689,Haaren-'t Eind,Noord-Brabant
690,Haarle (O.),Overijssel
691,Haarlemmerliede,Noord-Holland
692,Haarlo,Gelderland
693,Haarsteeg,Noord-Brabant
694,Haarzuilens,Utrecht
695,Haastrecht,Zuid-Holland
696,Haelen,Limburg
697,Hagestein,Utrecht
698,Haghorst,Noord-Brabant
699,Halder,Noord-Brabant
700,Haler,Limburg
701,Hall,Gelderland
702,Halle,Gelderland
703,Hallum,Fryslân
704,Halsteren,Noord-Brabant
705,Handel,Noord-Brabant
706,Hank (NB.),Noord-Brabant
707,Hansweert,Zeeland
708,Hantum,Fryslân
709,Hantumhuizen (Hantumhuzen),Fryslân
710,Hapert,Noord-Brabant
711,Haps,Noord-Brabant
712,Harbrinkhoek,Overijssel
713,'t Harde,Gelderland
714,Hardegarijp (Hurdegaryp),Fryslân
715,Hardenberg (O.),Overijssel
716,Harderwijk-Drielanden (Gld.),Gelderland
717,Harderwijk-Kern (Gld.),Gelderland
718,Haren (NB.),Noord-Brabant
719,Harfsen,Gelderland
720,Harich,Fryslân
721,Harkema (De Harkema),Fryslân
722,Harkstede,Groningen
723,Harlingen (Harns),Fryslân
724,Harmelen,Utrecht
725,Harreveld,Gelderland
726,Harskamp,Gelderland
727,Haskerhorne (Haskerhoarne),Fryslân
728,Haskerdijken (Haskerdiken),Fryslân
729,Hasselderheide,Limburg
730,Hasselt (O.),Overijssel
731,Hattem,Gelderland
732,Hattemerbroek,Gelderland
733,Haule,Fryslân
734,Haulerwijk (Haulerwyk),Fryslân
735,Hauwert,Noord-Holland
736,Havelte,Drenthe
737,Havelterberg,Drenthe
738,Hazerswoude-Dorp,Zuid-Holland
739,Hazerswoude-Rijndijk/Koudekerk a/d Rijn,Zuid-Holland
740,Hedel (Gld.),Gelderland
741,Heeg (Heech),Fryslân
742,Heel,Limburg
743,Heenvliet,Zuid-Holland
744,Heenweg,Zuid-Holland
745,'s-Heer Abtskerke,Zeeland
746,'s-Heer Arenskerke,Zeeland
747,'s-Heer Hendrikskinderen,Zeeland
748,Heerde-Bakhuisbos,Gelderland
749,Heerde-Kern,Gelderland
750,'s-Heerenberg,Gelderland
751,'s-Heerenbroek,Overijssel
752,'s-Heerenhoek,Zeeland
753,Heerenveen (It Hearrenfean),Fryslân
754,Heerewaarden,Gelderland
755,Heerhugowaard/Scharwoude/Broek op Langed,Noord-Holland
756,Heerjansdam,Zuid-Holland
757,Heerle,Noord-Brabant
758,Heesch,Noord-Brabant
759,Heeswijk/Dinther,Noord-Brabant
760,Heeten,Overijssel
761,Heetveld,Overijssel
762,Heeze,Noord-Brabant
763,Hei- en Boeicop,Zuid-Holland
764,Heibloem,Limburg
765,Heide (L.),Limburg
766,Heide (L.),Limburg
767,Heikant (Z.),Zeeland
768,Heiloo,Noord-Holland
769,Heinenoord,Zuid-Holland
770,Heinkenszand,Zeeland
771,Heino,Overijssel
772,Hekelingen,Zuid-Holland
773,Hekendorp,Utrecht
774,Helenaveen,Noord-Brabant
775,Hellendoorn,Overijssel
776,Hellevoetsluis,Zuid-Holland
777,Hellouw,Gelderland
778,Hellum,Groningen
779,Helmond,Noord-Brabant
780,Helmond-Dierdonk,Noord-Brabant
781,Helvoirt,Noord-Brabant
782,Helwijk,Noord-Brabant
783,Hem,Noord-Holland
784,Hemelum (Himmelum),Fryslân
785,Hemrik (De Himrik),Fryslân
786,Hengelo (Gld.),Gelderland
787,Hengelo-Kern (O.),Overijssel
788,Hengelo-Noord (O.),Overijssel
789,Hengevelde,Overijssel
790,Hengstdijk,Zeeland
791,Hensbroek,Noord-Holland
792,Herbaijum (Hjerbeam),Fryslân
793,Herkenbosch,Limburg
794,Herkingen,Zuid-Holland
795,Hernen,Gelderland
796,Herpen,Noord-Brabant
797,Herpt,Noord-Brabant
798,Hertme,Overijssel
799,'s-Hertogenbosch-West,Noord-Brabant
800,Herveld-Zuid,Gelderland
801,Herwen,Gelderland
802,Herwijnen,Gelderland
803,Herwijnen-Buitenburg,Gelderland
804,Heteren,Gelderland
805,Heukelum,Gelderland
806,Heumen,Gelderland
807,Heusden (NB.),Noord-Brabant
808,Heusden (NB.),Noord-Brabant
809,Heveadorp,Gelderland
810,Heijen,Limburg
811,Heijningen,Noord-Brabant
812,Heythuysen,Limburg
813,Hierden-De Biest,Gelderland
814,Hierden-Kern,Gelderland
815,Hilaard (Hijlaard),Fryslân
816,Hillegom/Beinsdorp,Zuid-Holland
817,Hillegom/Beinsdorp-West,Zuid-Holland
818,Hillegom-Zanderij,Zuid-Holland
819,Hilvarenbeek,Noord-Brabant
820,Hilversum,Noord-Holland
821,Hindeloopen (Hylpen),Fryslân
822,Hippolytushoef,Noord-Holland
823,Hitzum (Hitsum),Fryslân
824,Hoedekenskerke,Zeeland
825,Hoek (Z.),Zeeland
826,Hoek van Holland-Kern,Zuid-Holland
827,Hoek van Holland-Strand,Zuid-Holland
828,Hoenderloo,Gelderland
829,Hoevelaken,Gelderland
830,Hoeven (NB.),Noord-Brabant
831,Hoge Enk,Gelderland
832,Hollandsche Rading,Utrecht
833,Hollandsche Rading-West,Utrecht
834,Hollandsche Rading-Zuid,Utrecht
835,Hollandscheveld,Drenthe
836,Hollum,Fryslân
837,Holten (O.),Overijssel
838,Holten-Noord,Overijssel
839,Holthees,Noord-Brabant
840,Holwerd (Holwert),Fryslân
841,Holwierde,Groningen
842,Hommerts (De Hommerts),Fryslân
843,Hoofddorp,Noord-Holland
844,Hoofdplaat,Zeeland
845,Hoogblokland,Zuid-Holland
846,Hooge Mierde,Noord-Brabant
847,Hooge Zwaluwe-Noord,Noord-Brabant
848,Hooge Zwaluwe-Zuid,Noord-Brabant
849,Hoogeloon,Noord-Brabant
850,Hoogerheide/Woensdrecht,Noord-Brabant
851,Hoogersmilde,Drenthe
852,Hoogeveen,Drenthe
853,Hoogezand/Sappemeer,Groningen
854,Hoogezand-Oostermeer (It Heechsan),Fryslân
855,Hooghalen,Drenthe
856,Hoogkarspel,Noord-Holland
857,Hoog-Keppel,Gelderland
858,Hoogkerk-Zuid-Oost,Groningen
859,Hoogmade,Zuid-Holland
860,Hoogvliet,Zuid-Holland
861,Hoogwoud,Noord-Holland
862,Hoonhorst,Overijssel
863,Hoorn (F.),Fryslân
864,Hoorn (NH.),Noord-Holland
865,Hoornaar,Zuid-Holland
866,Horn (L.),Limburg
867,'t Horntje,Noord-Holland
868,Horssen,Gelderland
869,Horst (L.),Limburg
870,Houtakker,Noord-Brabant
871,Houten (U.),Utrecht
872,Houthem,Limburg
873,Houtigehage (De Houtigehage),Fryslân
874,Houtribhaven,Flevoland
875,Houwerzijl,Groningen
876,Hoven,Gelderland
877,Huis ter Heide/Bosch en Duin (U.),Utrecht
878,Huisduinen,Noord-Holland
879,Huissen-Kern,Gelderland
880,Huizen,Noord-Holland
881,Huizinge,Groningen
882,Hulsberg,Limburg
883,Hulsel,Noord-Brabant
884,Hulsen (O.),Overijssel
885,Hulshorst,Gelderland
886,Hulst-Kern,Zeeland
887,Hulst-Oost,Zeeland
888,Hummelo,Gelderland
889,Hunsel,Limburg
890,Hurwenen,Gelderland
891,Huijbergen,Noord-Brabant
892,Hijken,Drenthe
893,Hijum,Fryslân
894,Ilpendam,Noord-Holland
895,Indoornik,Gelderland
896,Ingen,Gelderland
897,Itens,Fryslân
898,Itteren,Limburg
899,Ittervoort,Limburg
900,Jaarsveld,Utrecht
901,Jabeek,Limburg
902,Jelsum,Fryslân
903,Jipsingboermussel,Groningen
904,Jipsingboertange,Groningen
905,Jirnsum,Fryslân
906,Jiskenhuizen (Idskenhuizen),Fryslân
907,Jisp,Noord-Holland
908,Jistrum (Eestrum),Fryslân
909,Jonkersland (Jonkerslân),Fryslân
910,Jorwerd (Jorwert),Fryslân
911,Joure (De Jouwer),Fryslân
912,Jubbega (Jobbegea),Fryslân
913,Julianadorp,Noord-Holland
914,Jutrijp (Jutryp),Fryslân
915,Kaag,Zuid-Holland
916,Kaatsheuvel/Vrijhoeve,Noord-Brabant
917,Kalenberg,Overijssel
918,Kamerik,Utrecht
919,Kampen (O.),Overijssel
920,Kampen-Onderdijks,Overijssel
921,Kamperland,Zeeland
922,Kamperzeedijk-Oost,Overijssel
923,Kanis,Utrecht
924,Kantens,Groningen
925,Kapel-Avezaath,Gelderland
926,Kapelle/Biezelinge,Zeeland
927,Kapellebrug,Zeeland
928,Katerbosch,Limburg
929,Katerveer,Overijssel
930,Kats,Zeeland
931,Kattendijke,Zeeland
932,Katwijk (NB.),Noord-Brabant
933,Kedichem,Zuid-Holland
934,Kekerdom,Gelderland
935,Keldonk,Noord-Brabant
936,Kelpen,Limburg
937,Kerk-Avezaath,Gelderland
938,Kerkbuurt (NH.),Noord-Holland
939,Kerkdriel,Gelderland
940,Kerkenveld,Drenthe
941,Kerkrade,Limburg
942,Kerkwerve,Zeeland
943,Kerkwijk (Gld.),Gelderland
944,Kessel (L.),Limburg
945,Kesseleik,Limburg
946,Kesteren,Gelderland
947,Keijenborg,Gelderland
948,Kievitsdel,Gelderland
949,Kilder,Gelderland
950,Kimswerd (Kimswert),Fryslân
951,Kinderdijk,Zuid-Holland
952,Klaaswaal,Zuid-Holland
953,Klarenbeek (Gld.),Gelderland
954,Klazienaveen,Drenthe
955,Klein Groningen,Fryslân
956,Klimmen,Limburg
957,Kloosterburen,Groningen
958,Kloosterhaar,Overijssel
959,Kloosterzande,Zeeland
960,Klundert,Noord-Brabant
961,Klijndijk,Drenthe
962,Knegsel,Noord-Brabant
963,Kockengen,Utrecht
964,Koekange,Drenthe
965,Koewacht,Zeeland
966,Kolham,Groningen
967,Kolhorn,Noord-Holland
968,Kollum,Fryslân
969,Kollumerpomp (De Pomp),Fryslân
970,Kollumerzwaag (Kollumersweach),Fryslân
971,Kollumerzwaag (Kollumersweach)-Zuid,Fryslân
972,Kommerzijl,Groningen
973,Koningsbosch,Limburg
974,Koningslust,Limburg
975,Kootstertille (Koatstertille),Fryslân
976,Kootwijkerbroek,Gelderland
977,Kornhorn,Groningen
978,Kortenhoef,Noord-Holland
979,Kortgene,Zeeland
980,Koudekerke,Zeeland
981,Koudhoorn,Gelderland
982,Koudum,Fryslân
983,Krabbendijke,Zeeland
984,Kraggenburg,Flevoland
985,Kranenburg,Gelderland
986,Kreileroord,Noord-Holland
987,Krimpen aan de Lek,Zuid-Holland
988,Kronenberg,Limburg
989,Kropswolde/Meerwijck,Groningen
990,Kruiningen,Zeeland
991,Kruisland,Noord-Brabant
992,Kruisweg (Gr.),Groningen
993,Kubaard (Kûbaard),Fryslân
994,Kudelstaart,Noord-Holland
995,Kuinre,Overijssel
996,Kwadendamme,Zeeland
997,Kwadijk,Noord-Holland
998,Kwintsheul,Zuid-Holland
999,Laag Zuthem,Overijssel
1000,Laag-Keppel,Gelderland
1001,Laag-Soeren,Gelderland
1002,Laar (L.),Limburg
1003,Lage Mierde,Noord-Brabant
1004,Lage Vuursche,Utrecht
1005,Lage Weg,Zuid-Holland
1006,Lage Zwaluwe,Noord-Brabant
1007,Lamswaarde,Zeeland
1008,Landhorst,Noord-Brabant
1009,Landsmeer,Noord-Holland
1010,Langbroek,Utrecht
1011,Langenboom,Noord-Brabant
1012,Langeraar,Zuid-Holland
1013,Langeraar-Zuid,Zuid-Holland
1014,Langerak/Nieuwpoort (ZH.),Zuid-Holland
1015,Langeveen,Overijssel
1016,Langeweg,Noord-Brabant
1017,Langezwaag (Langsweagen),Fryslân
1018,Langweer (Langwar),Fryslân
1019,Laren (Gld.),Gelderland
1020,Laren/Blaricum,Noord-Holland
1021,Lathum,Gelderland
1022,Lattrop,Overijssel
1023,Ledeacker,Noord-Brabant
1024,Leegkerk,Groningen
1025,Leek,Groningen
1026,Leende,Noord-Brabant
1027,Leenderstrijp,Noord-Brabant
1028,Leens,Groningen
1029,Leerbroek,Zuid-Holland
1030,Leerdam,Zuid-Holland
1031,Leerrmens,Groningen
1032,Leersum,Utrecht
1033,Leeuwarden (Ljouwert),Fryslân
1034,Leimuiden,Zuid-Holland
1035,Lekkerkerk,Zuid-Holland
1036,Lekkum,Fryslân
1037,Lelystad-Groene Velden,Flevoland
1038,Lelystad-Jagersveld,Flevoland
1039,Lelystad-Kern,Flevoland
1040,Lelystad-Kromkamp,Flevoland
1041,Lelystad-Parkhaven,Flevoland
1042,Lelystad-Zuigerplas,Flevoland
1043,Lemele,Overijssel
1044,Lemelerveld,Overijssel
1045,Lemiers,Limburg
1046,Lemmer,Fryslân
1047,Lennisheuvel,Noord-Brabant
1048,Lent,Gelderland
1049,Lent Zuid,Gelderland
1050,Lepelstraat,Noord-Brabant
1051,Lettele,Overijssel
1052,Leunen,Limburg
1053,Leusden-Kern,Utrecht
1054,Leuth,Gelderland
1055,Leveroy,Limburg
1056,Lewedorp,Zeeland
1057,Lexmond,Zuid-Holland
1058,Lexmond-Noord,Zuid-Holland
1059,Lichtenvoorde,Gelderland
1060,Liempde,Noord-Brabant
1061,Lienden,Gelderland
1062,Lierderholthuis,Overijssel
1063,Lieren,Gelderland
1064,Lierop,Noord-Brabant
1065,Lieshout,Noord-Brabant
1066,Liessel,Noord-Brabant
1067,Lievelde,Gelderland
1068,Limbricht,Limburg
1069,Limmen,Noord-Holland
1070,Linden,Noord-Brabant
1071,Linne,Limburg
1072,Linschoten,Utrecht
1073,Lintelo,Gelderland
1074,Lioessens (Ljussens),Fryslân
1075,Lippenhuizen (Lippenhuzen),Fryslân
1076,Lisse/Lisserbroek,Zuid-Holland
1077,Lith,Noord-Brabant
1078,Lithoijen,Noord-Brabant
1079,Lobith,Gelderland
1080,Lochem,Gelderland
1081,Loenen (Gld.),Gelderland
1082,Loenen (U.),Utrecht
1083,Loenersloot,Utrecht
1084,Loil,Gelderland
1085,Lollum,Fryslân
1086,Lomm,Limburg
1087,Lonneker,Overijssel
1088,'t Loo,Gelderland
1089,Loo (Gld.),Gelderland
1090,Loon (D.),Drenthe
1091,Loon op Zand,Noord-Brabant
1092,Loosbroek,Noord-Brabant
1093,Lopik,Utrecht
1094,Lopikerkapel,Utrecht
1095,Loppersum,Groningen
1096,Losser,Overijssel
1097,Lottum,Limburg
1098,Lunteren,Gelderland
1099,Lutjegast,Groningen
1100,Lutjewinkel,Noord-Holland
1101,Luttelgeest,Flevoland
1102,Lutten,Overijssel
1103,Luttenberg,Overijssel
1104,Luyksgestel,Noord-Brabant
1105,Maalbroek,Limburg
1106,Maarheeze,Noord-Brabant
1107,Maarn,Utrecht
1108,Maarsbergen,Utrecht
1109,Maartensdijk (U.),Utrecht
1110,Maasbommel,Gelderland
1111,Maasbracht-Brachterbeek,Limburg
1112,Maasbracht-Kern,Limburg
1113,Maasbree,Limburg
1114,Maasdam/Puttershoek,Zuid-Holland
1115,Maasdijk (ZH.),Zuid-Holland
1116,Maashees,Noord-Brabant
1117,Maasland,Zuid-Holland
1118,Maassluis,Zuid-Holland
1119,Maastricht,Limburg
1120,Macharen,Noord-Brabant
1121,Made,Noord-Brabant
1122,Makkinga,Fryslân
1123,Makkum (F.),Fryslân
1124,Malden,Gelderland
1125,Manderveen,Overijssel
1126,Mantgum,Fryslân
1127,Maren-Kessel,Noord-Brabant
1128,Margraten,Limburg
1129,Mariënberg,Overijssel
1130,Mariënheem,Overijssel
1131,Mariënvelde,Gelderland
1132,Mariadorp,Limburg
1133,Mariaheide,Noord-Brabant
1134,Mariahoop,Limburg
1135,Mariahout,Noord-Brabant
1136,Mariaparochie,Overijssel
1137,Markelo,Overijssel
1138,Markenbinnen,Noord-Holland
1139,Marken-Kerkbuurt,Noord-Holland
1140,Marken-Kern,Noord-Holland
1141,Marknesse,Flevoland
1142,Marrum,Fryslân
1143,Marssum (Marsum),Fryslân
1144,Marum,Groningen
1145,Maurik,Gelderland
1146,Mechelen,Limburg
1147,Meddo,Gelderland
1148,Medemblik,Noord-Holland
1149,Meeden,Groningen
1150,Meedhuizen,Groningen
1151,Meerkerk,Zuid-Holland
1152,Meerlo,Limburg
1153,Meers,Limburg
1154,Meerssen/Bunde,Limburg
1155,Meeuwen,Noord-Brabant
1156,Megchelen,Gelderland
1157,Megen,Noord-Brabant
1158,Melderslo,Limburg
1159,Melick,Limburg
1160,Meliskerke,Zeeland
1161,Melissant,Zuid-Holland
1162,Menaldum (Menaam),Fryslân
1163,Meppel,Drenthe
1164,Meppen,Drenthe
1165,Merkelbeek,Limburg
1166,Merselo,Limburg
1167,Mesch,Limburg
1168,Meteren,Gelderland
1169,Meterik,Limburg
1170,Metslawier (Mitselwier),Fryslân
1171,Meijel,Limburg
1172,Mheer-Hackenroth,Limburg
1173,Mheer-Kern,Limburg
1174,Middelaar,Limburg
1175,Middelbeers,Noord-Brabant
1176,Middelburg (Z.),Zeeland
1177,Middelharnis/Sommelsdijk,Zuid-Holland
1178,Middelie,Noord-Holland
1179,Middelrode,Noord-Brabant
1180,Middelstum,Groningen
1181,Middenbeemster,Noord-Holland
1182,Middenmeer,Noord-Holland
1183,Midlum (Mullum),Fryslân
1184,Midsland,Fryslân
1185,Midwolda,Groningen
1186,Midwoud,Noord-Holland
1187,Mierlo,Noord-Brabant
1188,Mildam (Mildaam),Fryslân
1189,Milheeze,Noord-Brabant
1190,Mill,Noord-Brabant
1191,Millingen aan de Rijn,Gelderland
1192,Milsbeek,Limburg
1193,Minkelose Heul,Zuid-Holland
1194,Minnertsga (Minnertsgae),Fryslân
1195,Moerdijk,Noord-Brabant
1196,Moergestel,Noord-Brabant
1197,Moerkapelle,Zuid-Holland
1198,Moerstraten,Noord-Brabant
1199,Molenend (Mûnein),Fryslân
1200,Molenheide,Noord-Brabant
1201,Molenschot,Noord-Brabant
1202,Molkwerum (Molkwar),Fryslân
1203,Monnickendam,Noord-Holland
1204,Monster/Ter Heijde,Zuid-Holland
1205,Monster-Het Westerhonk,Zuid-Holland
1206,Montfoort,Utrecht
1207,Montfort/Aan de Berg,Limburg
1208,Mook/Molenhoek,Limburg
1209,Mookhoek,Zuid-Holland
1210,Moordrecht,Zuid-Holland
1211,Moorveld,Limburg
1212,Morra (Moarre),Fryslân
1213,Muiden,Noord-Holland
1214,Muiderberg,Noord-Holland
1215,Munnekezijl,Fryslân
1216,Muntendam,Groningen
1217,Mussel,Groningen
1218,Musselkanaal,Groningen
1219,Mijdrecht/Wilnis,Utrecht
1220,Mijnsheerenland/Westmaas,Zuid-Holland
1221,Naaldwijk/Honselersdijk,Zuid-Holland
1222,Naarden-Kern,Noord-Holland
1223,Naarden-Naarderbos,Noord-Holland
1224,Naarden-Vesting,Noord-Holland
1225,Nagele,Flevoland
1226,Neck,Noord-Holland
1227,Nederasselt,Gelderland
1228,Nederhemert-Noord,Gelderland
1229,Nederhorst Den Berg/Overmeer,Noord-Holland
1230,Nederweert,Limburg
1231,Nederwetten,Noord-Brabant
1232,Neede,Gelderland
1233,Neer,Limburg
1234,Neeritter,Limburg
1235,Neerkant,Noord-Brabant
1236,Nes (F.),Fryslân
1237,Nes (F.),Fryslân
1238,Nes aan de Amstel,Noord-Holland
1239,Netersel,Noord-Brabant
1240,Netterden,Gelderland
1241,Nibbixwoud,Noord-Holland
1242,Niebert,Groningen
1243,Niehove,Groningen
1244,Niekerk (Gr.),Groningen
1245,Nieuw Bergen,Limburg
1246,Nieuw- en Sint Joosland,Zeeland
1247,Nieuwaal,Gelderland
1248,Nieuw-Amsterdam,Drenthe
1249,Nieuw-Balinge,Drenthe
1250,Nieuw-Beerta,Groningen
1251,Nieuw-Beijerland,Zuid-Holland
1252,Nieuw-Dordrecht,Drenthe
1253,Nieuw-Dijk,Gelderland
1254,Nieuwdorp (Z.),Zeeland
1255,Nieuwe Niedorp-Zuid,Noord-Holland
1256,Nieuwe Pekela-De Weerd,Groningen
1257,Nieuwe Pekela-Kern,Groningen
1258,Nieuwegein,Utrecht
1259,Nieuwehorne (Nijhoarne),Fryslân
1260,Nieuwendijk (ZH.),Zuid-Holland
1261,Nieuwendijk/Kille (NB.),Noord-Brabant
1262,Nieuwenhoorn,Zuid-Holland
1263,Nieuwerbrug,Zuid-Holland
1264,Nieuwerkerk,Zeeland
1265,Nieuwerkerk aan den IJssel,Zuid-Holland
1266,Nieuweroord,Drenthe
1267,Nieuwersluis,Utrecht
1268,Nieuwer-Ter-Aa,Utrecht
1269,Nieuweschans,Groningen
1270,Nieuwe-Tonge,Zuid-Holland
1271,Nieuwe-Vaart,Noord-Brabant
1272,Nieuw-Haamstede,Zeeland
1273,Nieuw-Heeten,Overijssel
1274,Nieuwkoop,Zuid-Holland
1275,Nieuwland (ZH.),Zuid-Holland
1276,Nieuwlande (D.),Drenthe
1277,Nieuw-Lekkerland,Zuid-Holland
1278,Nieuwleusen,Overijssel
1279,Nieuw-Loosdrecht,Noord-Holland
1280,Nieuw-Namen,Zeeland
1281,Nieuwolda,Groningen
1282,Nieuwolda-Oost,Groningen
1283,Nieuw-Schoonebeek,Drenthe
1284,Nieuwstadt,Limburg
1285,Nieuwveen,Zuid-Holland
1286,Nieuw-Vennep,Noord-Holland
1287,Nieuwvliet,Zeeland
1288,Nieuw-Vossemeer,Noord-Brabant
1289,Nieuw-Weerdinge,Drenthe
1290,Nieuw-Wehl,Gelderland
1291,Niezijl,Groningen
1292,Niftrik,Gelderland
1293,Nigtevecht,Utrecht
1294,Nispen,Noord-Brabant
1295,Nisse,Zeeland
1296,Nistelrode,Noord-Brabant
1297,Noorbeek,Limburg
1298,Noord Deurningen,Overijssel
1299,Noordbergum (Noardburgum),Fryslân
1300,Noordbroek,Groningen
1301,Noordeinde (ZH.),Zuid-Holland
1302,Noordeloos,Zuid-Holland
1303,Noorden,Zuid-Holland
1304,Noordgouwe,Zeeland
1305,Noordhoek,Noord-Brabant
1306,Noordijk,Gelderland
1307,Noordlaren,Groningen
1308,Noord-Sleen,Drenthe
1309,Noordwelle,Zeeland
1310,Noordwolde (F.),Fryslân
1311,Noordwolde (Gr.),Groningen
1312,Noordwijk (Gr.),Groningen
1313,Noordwijk (ZH.),Zuid-Holland
1314,Noordwijkerhout,Zuid-Holland
1315,Norg,Drenthe
1316,Nuenen,Noord-Brabant
1317,Nuis,Groningen
1318,Nuland,Noord-Brabant
1319,Numansdorp/Middelsluis,Zuid-Holland
1320,Nummer Één,Zeeland
1321,Nunhem,Limburg
1322,Nunspeet,Gelderland
1323,Nuth,Limburg
1324,Nij Altoenae,Fryslân
1325,Nij Beets,Fryslân
1326,Nijbroek,Gelderland
1327,Nijega (Nyegea),Fryslân
1328,Nijemirdum (Nijemardum),Fryslân
1329,Nijeveen,Drenthe
1330,Nijewier (Niawier),Fryslân
1331,Nijkerk,Gelderland
1332,Nijkerkerveen,Gelderland
1333,Nijland (Nijlân),Fryslân
1334,Nijmegen-Oosterhout,Gelderland
1335,Nijnsel,Noord-Brabant
1336,Nijswiller,Limburg
1337,Nijverdal,Overijssel
1338,Obbicht,Limburg
1339,Obdam,Noord-Holland
1340,Ochten,Gelderland
1341,Odiliapeel,Noord-Brabant
1342,Odoorn,Drenthe
1343,Odijk,Utrecht
1344,Oeffelt,Noord-Brabant
1345,Oene,Gelderland
1346,Oenkerk (Oentsjerk),Fryslân
1347,Ohé,Limburg
1348,Oirlo,Limburg
1349,Oirschot,Noord-Brabant
1350,Oisterwijk,Noord-Brabant
1351,Okkenbroek,Overijssel
1352,Olburgen,Gelderland
1353,Oldeberkoop,Fryslân
1354,Oldebroek,Gelderland
1355,Oldeholtpade,Fryslân
1356,Oldehove,Groningen
1357,Oldemarkt,Overijssel
1358,Oldenzaal,Overijssel
1359,Olland,Noord-Brabant
1360,Olst,Overijssel
1361,Ommel,Noord-Brabant
1362,Ommelanderwijk,Groningen
1363,Ommen,Overijssel
1364,Ommeren,Gelderland
1365,Onderdendam,Groningen
1366,Onderdijk,Noord-Holland
1367,Onnen,Groningen
1368,Onstwedde,Groningen
1369,Ool,Limburg
1370,Ooltgensplaat,Zuid-Holland
1371,Oostburg,Zeeland
1372,Oostdijk (Z.),Zeeland
1373,Oosteind (NB.),Noord-Brabant
1374,Oosteinde (D.),Drenthe
1375,Oostelbeers,Noord-Brabant
1376,Oosterbeek,Gelderland
1377,Oosterbierum (Easterbierrum),Fryslân
1378,Oosterblokker,Noord-Holland
1379,Oosterend (Easterein),Fryslân
1380,Oosterend (NH.),Noord-Holland
1381,Oosterhesselen,Drenthe
1382,Oosterhout (Gld.),Gelderland
1383,Oosterhout (NB.),Noord-Brabant
1384,Oosterland (Z.),Zeeland
1385,Oosterlittens (Easterlittens),Fryslân
1386,Oostermeer (Eastermar),Fryslân
1387,Oosternijkerk (Easternijtsjerk),Fryslân
1388,Oosterstreek,Fryslân
1389,Oosterwierum (Easterwierrum),Fryslân
1390,Oosterwolde (Easterwâlde) (F.),Fryslân
1391,Oosterwolde (Gld.),Gelderland
1392,Oosterwijtwerd,Groningen
1393,Oosterzee-Gietersebrug,Fryslân
1394,Oost-Graftdijk,Noord-Holland
1395,Oosthem (Easthim),Fryslân
1396,Oosthuizen,Noord-Holland
1397,Oostkapelle,Zeeland
1398,Oostkappelle-Veldzigt,Zeeland
1399,Oost-Knollendam,Noord-Holland
1400,Oost-Maarland,Limburg
1401,Oostrum (Eastrum) (F.),Fryslân
1402,Oostrum (L.),Limburg
1403,Oost-Vlieland,Fryslân
1404,Oostvoorne,Zuid-Holland
1405,Oostwold (Gr.),Groningen
1406,Oostwold (Gr.),Groningen
1407,Oostwold-Zuid,Groningen
1408,Oostwoud,Noord-Holland
1409,Oostzaan,Noord-Holland
1410,Ootmarsum,Overijssel
1411,Ooij (Gld.),Gelderland
1412,Opeinde (De Pein),Fryslân
1413,Opende,Groningen
1414,Ophemert,Gelderland
1415,Opheusden,Gelderland
1416,Oploo,Noord-Brabant
1417,Opmeer,Noord-Holland
1418,Oppenhuizen (Toppenhuzen),Fryslân
1419,Opperdoes,Noord-Holland
1420,Opijnen,Gelderland
1421,Ospel,Limburg
1422,Ospeldijk,Limburg
1423,Oss,Noord-Brabant
1424,Ossendrecht,Noord-Brabant
1425,Ossenisse,Zeeland
1426,Ossenzijl,Overijssel
1427,Oterleek,Noord-Holland
1428,Otterlo,Gelderland
1429,Ottersum,Limburg
1430,Ottoland,Zuid-Holland
1431,Oud Gastel,Noord-Brabant
1432,Oud Zevenaar,Gelderland
1433,Oud-Ade,Zuid-Holland
1434,Oud-Alblas,Zuid-Holland
1435,Oud-Beijerland,Zuid-Holland
1436,Ouddorp,Zuid-Holland
1437,Oude Bildtzijl (Ouwe-Syl),Fryslân
1438,Oude Leije,Fryslân
1439,Oude Pekela,Groningen
1440,Oudega (Aldegea) (F.),Fryslân
1441,Oudega (Aldegea) (F.),Fryslân
1442,Oudega (Aldegea) (F.),Fryslân
1443,Oudehaske (Aldehaske),Fryslân
1444,Oudelande,Zeeland
1445,Oudemirdum (Aldemardum),Fryslân
1446,Oudenbosch,Noord-Brabant
1447,Oudendijk (NH.),Noord-Holland
1448,Oudenhoorn,Zuid-Holland
1449,Ouderkerk aan de Amstel,Noord-Holland
1450,Ouderkerk aan den IJssel,Zuid-Holland
1451,Oudeschild,Noord-Holland
1452,Oudesluis (NH.),Noord-Holland
1453,Oudeschans,Groningen
1454,Oude-Tonge,Zuid-Holland
1455,Oudewater,Utrecht
1456,Oud-Heusden,Noord-Brabant
1457,Oudkarspel,Noord-Holland
1458,Oudkerk (Aldtsjerk),Fryslân
1459,Oudleusen,Overijssel
1460,Oud-Loosdrecht,Noord-Holland
1461,Oud-Sabbinge,Zeeland
1462,Oud-Vossemeer,Zeeland
1463,Oudwoude (Aldwâld),Fryslân
1464,Ouwerkerk,Zeeland
1465,Ouwsterhaule (Ousterhaule),Fryslân
1466,Overasselt,Gelderland
1467,Overberg (U.),Utrecht
1468,Overdinkel,Overijssel
1469,Overlangel,Noord-Brabant
1470,Overloon,Noord-Brabant
1471,Overslag,Zeeland
1472,Ovezande,Zeeland
1473,Oijen,Noord-Brabant
1474,Paal (Z.),Zeeland
1475,Paesens (Peazens),Fryslân
1476,Panheel,Limburg
1477,Pannerden,Gelderland
1478,Panningen,Limburg
1479,Papenveer,Zuid-Holland
1480,Partij,Limburg
1481,Parrega (Parregea),Fryslân
1482,Paterswolde-Noord,Drenthe
1483,Peins,Fryslân
1484,Peize,Drenthe
1485,Peperga,Fryslân
1486,Pesse,Drenthe
1487,Petten,Noord-Holland
1488,Philippine,Zeeland
1489,Piershil,Zuid-Holland
1490,Pieterburen,Groningen
1491,Pieterzijl,Groningen
1492,Pingjum (Penjum),Fryslân
1493,Plasmolen,Limburg
1494,Poederoijen,Gelderland
1495,Poeldijk,Zuid-Holland
1496,Polsbroek,Utrecht
1497,Poortugaal,Zuid-Holland
1498,Poortvliet,Zeeland
1499,Poppingawier (Poppenwier),Fryslân
1500,Posterholt-Kern,Limburg
1501,Posterholt-Oost,Limburg
1502,Prinsenbeek,Noord-Brabant
1503,Punthorst,Overijssel
1504,Purmerend,Noord-Holland
1505,Puth,Limburg
1506,Putte,Noord-Brabant
1507,Putten,Gelderland
1508,Pijnacker,Zuid-Holland
1509,Raalte,Overijssel
1510,Raamsdonk,Noord-Brabant
1511,Raard,Fryslân
1512,Randwijk,Gelderland
1513,Ransdaal/Termaar,Limburg
1514,Rasquert,Groningen
1515,Rauwerd (Reard),Fryslân
1516,Ravenstein,Noord-Brabant
1517,Ravenswaaij,Gelderland
1518,Ravenswoud,Fryslân
1519,Reduzum,Fryslân
1520,Reek,Noord-Brabant
1521,Reeuwijk,Zuid-Holland
1522,Reeuwijk-Dorp,Zuid-Holland
1523,Reitsum,Fryslân
1524,Rekken,Gelderland
1525,Renesse,Zeeland
1526,Renkum/Heelsum,Gelderland
1527,Renswoude,Utrecht
1528,Retranchement,Zeeland
1529,Reusel,Noord-Brabant
1530,Reutje,Limburg
1531,Reutum,Overijssel
1532,Reuver,Limburg
1533,Reijmerstok,Limburg
1534,Rheden,Gelderland
1535,Rhederbrug,Groningen
1536,Rhenen,Utrecht
1537,Rhenen-Cuneraweg,Utrecht
1538,Rhenoy,Gelderland
1539,Rhoon,Zuid-Holland
1540,Rhoon-Kiefhoek,Zuid-Holland
1541,Ridderkerk,Zuid-Holland
1542,Ried (Rie),Fryslân
1543,Riel (NB.),Noord-Brabant
1544,Riethoven,Noord-Brabant
1545,Rietmolen,Gelderland
1546,Rilland,Zeeland
1547,Rimburg,Limburg
1548,Rinsumageest (Rinsumageast),Fryslân
1549,Ritthem,Zeeland
1550,Rockanje,Zuid-Holland
1551,Roden,Drenthe
1552,Roderesch,Drenthe
1553,Roderwolde,Drenthe
1554,Roelofarendsveen-Zuid,Zuid-Holland
1555,Roelofsarendsveen/Oude Wetering,Zuid-Holland
1556,Roermond/Herten/Merum,Limburg
1557,Roggel,Limburg
1558,Rolde,Drenthe
1559,Roodeschool,Groningen
1560,Roosendaal,Noord-Brabant
1561,Roosteren,Limburg
1562,Rossum (Gld.),Gelderland
1563,Rossum (O.),Overijssel
1564,Roswinkel,Drenthe
1565,Rothem,Limburg
1566,Rothenbach,Limburg
1567,Rottevalle (Rottefalle),Fryslân
1568,Rottum-West,Fryslân
1569,Rottum (F.),Fryslân
1570,Rottum (Gr.),Groningen
1571,Rouveen,Overijssel
1572,Rozenburg (ZH.),Zuid-Holland
1573,Rucphen,Noord-Brabant
1574,Ruinen,Drenthe
1575,Ruinerwold,Drenthe
1576,Rumpt (Gld.),Gelderland
1577,Rutten,Flevoland
1578,Ruurlo,Gelderland
1579,Rijckholt,Limburg
1580,Rijen,Noord-Brabant
1581,Rijkevoort,Noord-Brabant
1582,Rijnsaterwoude,Zuid-Holland
1583,Rijperkerk (Ryptsjerk),Fryslân
1584,Rijpwetering,Zuid-Holland
1585,Rijsbergen,Noord-Brabant
1586,Rijsenhout,Noord-Holland
1587,Rijsoord,Zuid-Holland
1588,Rijssen,Overijssel
1589,Rijswijk (Gld.),Gelderland
1590,Saaksum,Groningen
1591,Saasveld,Overijssel
1592,Sas van Gent,Zeeland
1593,Sassenheim,Zuid-Holland
1594,Sauwerd,Groningen
1595,Schagen,Noord-Holland
1596,Schagerbrug,Noord-Holland
1597,Schalkhaar-Noord,Overijssel
1598,Schalkwijk (U.),Utrecht
1599,Scharendijke,Zeeland
1600,Scharnegoutum (Skearnegoutum),Fryslân
1601,Scharsterbrug (Skarsterbrêge),Fryslân
1602,Scharwoude,Noord-Holland
1603,Schaijk,Noord-Brabant
1604,Scheemda,Groningen
1605,Scheerwolde,Overijssel
1606,Schellingwoude,Noord-Holland
1607,Schellinkhout,Noord-Holland
1608,Schelluinen,Zuid-Holland
1609,Schenkeldijk (ZH.),Zuid-Holland
1610,Schermerhorn,Noord-Holland
1611,Scherpenisse,Zeeland
1612,Scherpenzeel (F.),Fryslân
1613,Scherpenzeel (Gld.),Gelderland
1614,Schiermonnikoog,Fryslân
1615,Schietberg,Noord-Brabant
1616,Schildwolde,Groningen
1617,Schimmert,Limburg
1618,Schin op Geul,Limburg
1619,Schinnen,Limburg
1620,Schinveld,Limburg
1621,Schipborg,Drenthe
1622,Schipluiden,Zuid-Holland
1623,Schipperskerk,Limburg
1624,Schoondijke,Zeeland
1625,Schoonebeek,Drenthe
1626,Schoonhoven,Zuid-Holland
1627,Schoonloo,Drenthe
1628,Schoonoord,Drenthe
1629,Schoonrewoerd,Zuid-Holland
1630,Schoorl,Noord-Holland
1631,Schoorldam,Noord-Holland
1632,Schore,Zeeland
1633,Schraard (Skraard),Fryslân
1634,Schuddebeurs (Z.),Zeeland
1635,Schuinesloot,Overijssel
1636,Schijf,Noord-Brabant
1637,Schijndel/Wijbosch,Noord-Brabant
1638,Sellingen,Groningen
1639,Serooskerke (Z.),Zeeland
1640,Serooskerke (Z.),Zeeland
1641,Sevenum,Limburg
1642,Sexbierum (Seisbierrum),Fryslân
1643,Sibbe,Limburg
1644,Sibculo,Overijssel
1645,Siddeburen,Groningen
1646,Siebengewald,Limburg
1647,Simonshaven,Zuid-Holland
1648,Simpelveld,Limburg
1649,Sinderen,Gelderland
1650,Sint Agatha,Noord-Brabant
1651,Sint Annaland,Zeeland
1652,Sint Annaparochie (Sint Anne),Fryslân
1653,Sint Anthonis,Noord-Brabant
1654,Sint Geertruid,Limburg
1655,Sint Hubert,Noord-Brabant
1656,Sint Isidorushoeve,Overijssel
1657,Sint Jacobiparochie (Sint Jabik),Fryslân
1658,Sint Jansklooster,Overijssel
1659,Sint Jansteen,Zeeland
1660,Sint Joost,Limburg
1661,Sint Kruis,Zeeland
1662,Sint Laurens,Zeeland
1663,Sint Maarten,Noord-Holland
1664,Sint Maartensbrug,Noord-Holland
1665,Sint Maartensdijk,Zeeland
1666,Sint Maartensvlotbrug,Noord-Holland
1667,Sint Michielsgestel,Noord-Brabant
1668,St Nicolaasga (St Nyk),Fryslân
1669,Sint Odiliënberg,Limburg
1670,Sint Oedenrode,Noord-Brabant
1671,Sint Philipsland,Zeeland
1672,Sint Willebrord/Sprundel,Noord-Brabant
1673,Sint-Annen,Groningen
1674,Sintjohannesga (Sint Jânsgea),Fryslân
1675,Sirjansland,Zeeland
1676,Sittard/Munstergeleen,Limburg
1677,Slagharen,Overijssel
1678,Sleen,Drenthe
1679,Sleeuwijk,Noord-Brabant
1680,Slek,Limburg
1681,Slenaken,Limburg
1682,Sliedrecht,Zuid-Holland
1683,Slochteren,Groningen
1684,Slootdorp,Noord-Holland
1685,Sloten (Sleat),Fryslân
1686,Sluipwijk,Zuid-Holland
1687,Sluis (Z.),Zeeland
1688,Sluiskil,Zeeland
1689,Smilde,Drenthe
1690,Sneek (Snits),Fryslân
1691,Snijdersberg/Stommeveld,Limburg
1692,Soerendonk,Noord-Brabant
1693,Soest,Utrecht
1694,Soestduinen,Utrecht
1695,Soesterberg,Utrecht
1696,Someren,Noord-Brabant
1697,Someren-Eind,Noord-Brabant
1698,Someren-Heide,Noord-Brabant
1699,Son,Noord-Brabant
1700,Sondel,Fryslân
1701,Spaarndam,Noord-Holland
1702,Spannum,Fryslân
1703,Spaubeek,Limburg
1704,Spier,Drenthe
1705,Spierdijk,Noord-Holland
1706,Spoordonk,Noord-Brabant
1707,Spui,Zeeland
1708,Spijk (Gld.),Gelderland
1709,Spijk (Gld.),Gelderland
1710,Spijk (Gr.),Groningen
1711,Spijkenisse,Zuid-Holland
1712,St Jacobsbrug,Zuid-Holland
1713,Stad aan 't Haringvliet,Zuid-Holland
1714,Stadskanaal,Groningen
1715,Stadskanaal-de Heggerank,Groningen
1716,Stampersgat,Noord-Brabant
1717,Standdaarbuiten,Noord-Brabant
1718,Staphorst,Overijssel
1719,Stavenisse,Zeeland
1720,Stavoren (Starum),Fryslân
1721,Stedum,Groningen
1722,Steenbergen (NB.),Noord-Brabant
1723,Steenderen,Gelderland
1724,Steenenkamer/De Hoven,Overijssel
1725,Steensel,Noord-Brabant
1726,Steenwijk,Overijssel
1727,Steenwijkerwold,Overijssel
1728,Steenwijksmoer,Drenthe
1729,Steggerda,Fryslân
1730,Stein/Urmond-Oost (L.),Limburg
1731,Stellendam,Zuid-Holland
1732,Sterksel,Noord-Brabant
1733,Stevensbeek,Noord-Brabant
1734,Stevensweert,Limburg
1735,Stiens,Fryslân
1736,Stiphout,Noord-Brabant
1737,Stiphout Zuid-West,Noord-Brabant
1738,Stofmolen,Noord-Holland
1739,Stokkum (Gld.),Gelderland
1740,Stolwijk,Zuid-Holland
1741,Stompetoren,Noord-Holland
1742,Stompwijk,Zuid-Holland
1743,Stramproy,Limburg
1744,Streefkerk,Zuid-Holland
1745,Stroe (Gld.),Gelderland
1746,Strijen,Zuid-Holland
1747,Strijensas,Zuid-Holland
1748,Stuifzand,Drenthe
1749,Suameer (Sumar),Fryslân
1750,Suawoude (Suwâld),Fryslân
1751,Surhuisterveen (Surhústerfean),Fryslân
1752,Surhuizum (Surhuzum),Fryslân
1753,Susteren/Dieteren,Limburg
1754,Swalmen,Limburg
1755,Swartbroek,Limburg
1756,Sweikhuizen,Limburg
1757,Swifterbant,Flevoland
1758,Swolgen,Limburg
1759,Sijbekarspel,Noord-Holland
1760,Sijbrandaburen (Sibrandabuorren),Fryslân
1761,Teeffelen,Noord-Brabant
1762,Techum,Fryslân
1763,Ten Boer,Groningen
1764,Ten Post,Groningen
1765,Ter Aar,Zuid-Holland
1766,Ter Apel,Groningen
1767,Ter Hole,Zeeland
1768,Terherne,Fryslân
1769,Terheijden,Noord-Brabant
1770,Terhofstede,Zeeland
1771,Termunten,Groningen
1772,Termunterzijl,Groningen
1773,Ternaard,Fryslân
1774,Terneuzen,Zeeland
1775,Terschuur,Gelderland
1776,Terwispel,Fryslân
1777,Terwolde,Gelderland
1778,Terzool (Tersoal),Fryslân
1779,Teteringen,Noord-Brabant
1780,Teuge,Gelderland
1781,Thesinge,Groningen
1782,Tholen,Zeeland
1783,Thorn,Limburg
1784,Tiel,Gelderland
1785,Tiendeveen,Drenthe
1786,Tienhoven (U.),Utrecht
1787,Tienray,Limburg
1788,Tietjerk (Tytsjerk),Fryslân
1789,Tilburg,Noord-Brabant
1790,Tilligte,Overijssel
1791,Tjalleberd (Tsjalbert),Fryslân
1792,Tjerkwerd (Tsjerkwert),Fryslân
1793,Toldijk (Gld.),Gelderland
1794,Tolkamer,Gelderland
1795,Tollebeek,Flevoland
1796,Tricht,Gelderland
1797,Triemen (De Trieme),Fryslân
1798,Tubbergen,Overijssel
1799,Tuil,Gelderland
1800,Tuitjenhorn,Noord-Holland
1801,Tull en 't Waal,Utrecht
1802,Tungelroy,Limburg
1803,Tweede Exloërmond,Drenthe
1804,Twello,Gelderland
1805,Twisk,Noord-Holland
1806,Twizelerheide/Sweagerbosk,Fryslân
1807,Twijzel (Twizel),Fryslân
1808,Tijnje (De Tynje),Fryslân
1809,Tynaarlo,Drenthe
1810,Tzum (Tsjom),Fryslân
1811,Tzummarum (Tsjummearum),Fryslân
1812,Ubachsberg,Limburg
1813,Ubbergen,Gelderland
1814,Uddel,Gelderland
1815,Uden/Volkel,Noord-Brabant
1816,Udenhout,Noord-Brabant
1817,Uffelte,Drenthe
1818,Uitgeest,Noord-Holland
1819,Uithoorn,Noord-Holland
1820,Uithuizen-Kern,Groningen
1821,Uithuizen-Oost,Groningen
1822,Uithuizermeeden,Groningen
1823,Uitweg,Utrecht
1824,Uitwijk,Noord-Brabant
1825,Ulestraten,Limburg
1826,Ulft/Gendringen,Gelderland
1827,Ulicoten,Noord-Brabant
1828,Ulrum,Groningen
1829,Ulvenhout,Noord-Brabant
1830,Ureterp (Oerterp),Fryslân
1831,Urk,Flevoland
1832,Urmond-West,Limburg
1833,Ursem,Noord-Holland
1834,Usquert,Groningen
1835,Vaals,Limburg
1836,Vaart,Noord-Brabant
1837,Vaassen,Gelderland
1838,Vaesrade,Limburg
1839,Valburg,Gelderland
1840,Valkenburg (L.),Limburg
1841,Valkenswaard,Noord-Brabant
1842,Valthe,Drenthe
1843,Valtherblokken,Drenthe
1844,Valthermond-Midden,Drenthe
1845,Valthermond-Noord,Drenthe
1846,Valthermond-Zuid,Drenthe
1847,Van Ewijcksluis,Noord-Holland
1848,Varik,Gelderland
1849,Varsselder,Gelderland
1850,Varsseveld,Gelderland
1851,Vasse,Overijssel
1852,Veelerveen,Groningen
1853,Veen,Noord-Brabant
1854,Veendam/Wildervank,Groningen
1855,Veenendaal,Utrecht
1856,Veenhuizen (D.),Drenthe
1857,Veeningen,Drenthe
1858,Veenwouden (Feanwâlden),Fryslân
1859,Veere-Buiten de Veste,Zeeland
1860,Veere-Kern,Zeeland
1861,Veere-Zanddijk,Zeeland
1862,Veessen,Gelderland
1863,Vegelinsoord (Vogelinsoard),Fryslân
1864,Veghel,Noord-Brabant
1865,'t Veld,Noord-Holland
1866,Velddriel,Gelderland
1867,Velden,Limburg
1868,Veldhoek,Gelderland
1869,Velp (NB.),Noord-Brabant
1870,Velserbroek/Santpoort-Noord,Noord-Holland
1871,Velswijk,Gelderland
1872,Venhorst,Noord-Brabant
1873,Venhuizen,Noord-Holland
1874,Venlo/Blerick/Tegelen,Limburg
1875,Venlo-Herungerberg,Limburg
1876,Venray,Limburg
1877,Ven-Zelderheide,Limburg
1878,Vessem,Noord-Brabant
1879,Veulen,Limburg
1880,Vianen (NB.),Noord-Brabant
1881,Vianen (ZH.),Utrecht
1882,Vierhouten,Gelderland
1883,Vierlingsbeek,Noord-Brabant
1884,Vierpolders,Zuid-Holland
1885,Vilsteren,Overijssel
1886,Vilt,Limburg
1887,Vinkel,Noord-Brabant
1888,Vinkeveen-Kern,Utrecht
1889,Vinkeveen-Veldwijck,Utrecht
1890,Visvliet,Groningen
1891,Vlagtwedde,Groningen
1892,Vledder,Drenthe
1893,Vledderveen (D.),Drenthe
1894,Vlierden,Noord-Brabant
1895,Vlissingen/Oost-Souburg,Zeeland
1896,Vlist,Zuid-Holland
1897,Vlodrop,Limburg
1898,Vlijmen/Nieuwkuijk,Noord-Brabant
1899,Voerendaal,Limburg
1900,Vogelenzang,Noord-Holland
1901,Vogelwaarde,Zeeland
1902,Vollenhove (O.),Overijssel
1903,Voorhout,Zuid-Holland
1904,Voorst (Gld.),Gelderland
1905,Voorthuizen,Gelderland
1906,Vorden,Gelderland
1907,Vorstenbosch,Noord-Brabant
1908,Vortum-Mullem,Noord-Brabant
1909,Vragender,Gelderland
1910,Vreeland,Utrecht
1911,Vries,Drenthe
1912,Vriescheloo,Groningen
1913,Vriezenveen-Kern,Overijssel
1914,Vriezenveen-Oost,Overijssel
1915,Vroomshoop-Kern,Overijssel
1916,Vroomshoop-Oost,Overijssel
1917,Vroondaal,Zuid-Holland
1918,Vrouwenparochie (Froubuurt),Fryslân
1919,Vrouwenpolder,Zeeland
1920,Vuren,Gelderland
1921,Vijfhuizen (NH.),Noord-Holland
1922,Vijlen,Limburg
1923,Waalre,Noord-Brabant
1924,Waalwijk,Noord-Brabant
1925,Waarde,Zeeland
1926,Waardenburg,Gelderland
1927,Waarder,Zuid-Holland
1928,Waarland,Noord-Holland
1929,Waddinxveen,Zuid-Holland
1930,Wadenoijen,Gelderland
1931,Wagenberg,Noord-Brabant
1932,Wagenborgen,Groningen
1933,Wageningen,Gelderland
1934,Wahlwiller,Limburg
1935,Walik,Noord-Brabant
1936,Wamel,Gelderland
1937,Wanneperveen,Overijssel
1938,Wanroij,Noord-Brabant
1939,Wanssum,Limburg
1940,Wanswerd (Wânswert),Fryslân
1941,Wapenveld,Gelderland
1942,Wapenveld-Noord,Gelderland
1943,Wapse,Drenthe
1944,Wapserveen-De Wiekslag,Drenthe
1945,Warffum,Groningen
1946,Warfhuizen,Groningen
1947,Warfstermolen,Fryslân
1948,Warmenhuizen,Noord-Holland
1949,Warns,Fryslân
1950,Warns-Zuid,Fryslân
1951,Warten,Fryslân
1952,Waskemeer (Waskemar),Fryslân
1953,Waspik,Noord-Brabant
1954,Waspik-Zuid,Noord-Brabant
1955,Wassenaar,Zuid-Holland
1956,Wassenaar-Kerkehout,Zuid-Holland
1957,Wassenaar-Rijksdorp,Zuid-Holland
1958,Watergang,Noord-Holland
1959,Waterlandkerkje,Zeeland
1960,Waverveen,Utrecht
1961,Wedde,Groningen
1962,Weebosch,Noord-Brabant
1963,Weerselo,Overijssel
1964,Weert/Boshoven,Limburg
1965,Weesp,Noord-Holland
1966,Wehe-Den Hoorn,Groningen
1967,Wehl,Gelderland
1968,Weidum,Fryslân
1969,Weiteveen-Oost,Drenthe
1970,Weiteveen-West,Drenthe
1971,Wekerom,Gelderland
1972,Welberg,Noord-Brabant
1973,Well (Gld.),Gelderland
1974,Wellerlooi,Limburg
1975,Well-Noord (L.),Limburg
1976,Well-Zuid (L.),Limburg
1977,Welsrijp (Wjelsryp),Fryslân
1978,Wemeldinge,Zeeland
1979,Wergea,Fryslân
1980,Werkendam,Noord-Brabant
1981,Werkhoven,Utrecht
1982,Wernhout,Noord-Brabant
1983,Wervershoof,Noord-Holland
1984,Wesepe,Overijssel
1985,Wessem,Limburg
1986,Westbeemster,Noord-Holland
1987,Westbroek (U.),Utrecht
1988,Westdorpe,Zeeland
1989,Westendorp (Gld.),Gelderland
1990,Westenschouwen,Zeeland
1991,Westerbeek,Noord-Brabant
1992,Westerbork,Drenthe
1993,Westerbroek,Groningen
1994,Westeremden,Groningen
1995,Westergeest (Westergeast),Fryslân
1996,Westerhaar-Vriezenveensewijk,Overijssel
1997,Westerhoven,Noord-Brabant
1998,Westerland,Noord-Holland
1999,Westerlee (Gr.),Groningen
2000,Westervoort,Gelderland
2001,West-Graftdijk,Noord-Holland
2002,Westkapelle,Zeeland
2003,West-Terschelling,Fryslân
2004,Westwoud,Noord-Holland
2005,Westwoud-Oost,Noord-Holland
2006,Westzaan,Noord-Holland
2007,Westzaan-Zuideinde,Noord-Holland
2008,Weteringbrug,Noord-Holland
2009,Weustenrade,Limburg
2010,Wezep,Gelderland
2011,Wezup,Drenthe
2012,Wichmond,Gelderland
2013,Wierden,Overijssel
2014,Wierden-Meijerinksberg,Overijssel
2015,Wieringerwaard,Noord-Holland
2016,Wieringerwerf,Noord-Holland
2017,Wierum,Fryslân
2018,Wieuwerd (Wiuwert),Fryslân
2019,Wilbertoord,Noord-Brabant
2020,Wilhelminadorp (Z.),Zeeland
2021,Wilhelminaoord,Drenthe
2022,Willemsoord,Overijssel
2023,Willemstad,Noord-Brabant
2024,Wilp,Gelderland
2025,Wilp-Achterhoek,Gelderland
2026,Wilsum,Overijssel
2027,Windesheim,Overijssel
2028,Winkel,Noord-Holland
2029,Winschoten,Groningen
2030,Winssen,Gelderland
2031,Winsum (F.),Fryslân
2032,Winsum (Gr.),Groningen
2033,Wintelre,Noord-Brabant
2034,Winterswijk,Gelderland
2035,Wirdum (Gr.),Groningen
2036,Wirdum (Wurdum) (F.),Fryslân
2037,Wissel,Gelderland
2038,Wissenkerke,Zeeland
2039,Witharen,Overijssel
2040,Witmarsum (Wytmarsum),Fryslân
2041,Witteveen,Drenthe
2042,Woerden,Utrecht
2043,Woerdense Verlaat,Zuid-Holland
2044,Wognum,Noord-Holland
2045,Wolbert,Gelderland
2046,Woldendorp,Groningen
2047,Wolfheze,Gelderland
2048,Wolfshoek,Noord-Brabant
2049,Wolphaartsdijk,Zeeland
2050,Woltersum,Groningen
2051,Wolvega,Fryslân
2052,Wommels,Fryslân
2053,Wons (Wûns),Fryslân
2054,Woold,Gelderland
2055,Woonoord Lunetten,Noord-Brabant
2056,Workum (Warkum),Fryslân
2057,Woubrugge,Zuid-Holland
2058,Woudenberg,Utrecht
2059,Woudrichem,Noord-Brabant
2060,Woudsend (Wâldsein),Fryslân
2061,Wouw,Noord-Brabant
2062,Wouwse Plantage,Noord-Brabant
2063,Wijchen,Gelderland
2064,Wijckel (Wikel),Fryslân
2065,Wijdenes,Noord-Holland
2066,Wijhe,Overijssel
2067,Wijk aan Zee,Noord-Holland
2068,Wijk bij Duurstede,Utrecht
2069,Wijk en Aalburg,Noord-Brabant
2070,Wijlre,Limburg
2071,Wijnaldum (Winaem),Fryslân
2072,Wijnandsrade,Limburg
2073,Wijngaarden,Zuid-Holland
2074,Wijnjewoude (Wynjewâld),Fryslân
2075,Wijster,Drenthe
2076,Wijtgaard (Wytgaard),Fryslân
2077,Wijthmen,Overijssel
2078,IJburg-Noordwest,Noord-Holland
2079,IJburg-Zuidoost,Noord-Holland
2080,IJhorst,Overijssel
2081,IJlst (Drylts),Fryslân
2082,IJmond,Noord-Holland
2083,IJssellaan,Zuid-Holland
2084,IJsselmuiden,Overijssel
2085,IJsselstein,Utrecht
2086,IJzendijke,Zeeland
2087,IJzendoorn,Gelderland
2088,Yde,Drenthe
2089,Yerseke,Zeeland
2090,Ysbrechtum,Fryslân
2091,Ysselstein,Limburg
2092,Zaamslag,Zeeland
2093,Zalk,Overijssel
2094,Zaltbommel,Gelderland
2095,'t Zand (NB.),Noord-Brabant
2096,'t Zand (NH.),Noord-Holland
2097,Zandeweer,Groningen
2098,Zandpol,Drenthe
2099,Zandstraat,Zeeland
2100,'t Zandt,Groningen
2101,Zandvoort (NH.),Noord-Holland
2102,Zeddam,Gelderland
2103,Zeegse,Drenthe
2104,Zeeland (NB.),Noord-Brabant
2105,Zeerijp,Groningen
2106,Zeewolde,Flevoland
2107,Zegge,Noord-Brabant
2108,Zegveld,Utrecht
2109,Zeist,Utrecht
2110,Zelhem,Gelderland
2111,Zenderen,Overijssel
2112,Zetten,Gelderland
2113,Zevenaar,Gelderland
2114,Zevenbergen,Noord-Brabant
2115,Zevenbergschen Hoek,Noord-Brabant
2116,Zevenhoven,Zuid-Holland
2117,Zevenhuizen (Gr.),Groningen
2118,Zevenhuizen (ZH.),Zuid-Holland
2119,Zevenmorgen,Gelderland
2120,Zeyen,Drenthe
2121,Zierikzee,Zeeland
2122,Zieuwent,Gelderland
2123,Zoelen,Gelderland
2124,Zoelmond,Gelderland
2125,Zoetermeer,Zuid-Holland
2126,Zoeterwoude-Dorp,Zuid-Holland
2127,Zoeterwoude-Zuidbuurt,Zuid-Holland
2128,Zonnehof,Noord-Brabant
2129,Zonnemaire,Zeeland
2130,Zorgvlied (D.),Drenthe
2131,Zoutelande,Zeeland
2132,Zoutkamp,Groningen
2133,Zuid-Beijerland,Zuid-Holland
2134,Zuidbroek,Groningen
2135,Zuiddorpe,Zeeland
2136,Zuidhorn/Noordhorn (Gr.),Groningen
2137,Zuidland,Zuid-Holland
2138,Zuidlaren,Drenthe
2139,Zuidschermer,Noord-Holland
2140,Zuidwolde (D.),Drenthe
2141,Zuidwolde (Gr.),Groningen
2142,Zuidzande,Zeeland
2143,Zuidzijde (ZH.),Zuid-Holland
2144,Zuilichem-Kern,Gelderland
2145,Zuilichem-Oost,Gelderland
2146,Zunderdorp,Noord-Holland
2147,Zundert,Noord-Brabant
2148,Zurich (Surch),Fryslân
2149,Zutphen/Warnsveld,Gelderland
2150,Zuuk,Gelderland
2151,Zwaagdijk-Oost,Noord-Holland
2152,Zwaagdijk-West,Noord-Holland
2153,Zwaagwesteinde (De Westerein),Fryslân
2154,Zwaanshoek,Noord-Holland
2155,Zwaantje,Zuid-Holland
2156,Zwammerdam,Zuid-Holland
2157,Zwanenburg/Halfweg,Noord-Holland
2158,Zwartebroek,Gelderland
2159,Zwartemeer,Drenthe
2160,Zwartewaal,Zuid-Holland
2161,Zwartsluis,Overijssel
2162,Zweeloo,Drenthe
2163,Zwiggelte,Drenthe
2164,Zwolle-Kern (O.),Overijssel
2165,Zwolle-Stadshage (O.),Overijssel
2166,Zijderveld,Utrecht
2167,Zijtaart,Noord-Brabant
2168,Groningen (PV),Groningen
2169,Friesland (PV),Fryslân
2170,Drenthe (PV),Drenthe
2171,Overijssel (PV),Overijssel
2172,Flevoland (PV),Flevoland
2173,Gelderland (PV),Gelderland
2174,Utrecht (PV),Utrecht
2175,Noord-Holland (PV),Noord-Holland
2176,Zuid-Holland (PV),Zuid-Holland
2177,Zeeland (PV),Zeeland
2178,Noord-Brabant (PV),Noord-Brabant
2179,Limburg (PV),Limburg
